date,region,avg_house_price,median_income,price_to_income,base_rate,mortgage_rate,unemployment_rate,construction_index,gdp_growth_qoq
2010-01-01,London,530114.0,42263.0,12.54,0.75,2.54,5.2,104.6,0.12
2010-04-01,London,534614.0,42527.0,12.57,0.75,2.71,5.2,99.1,1.05
2010-07-01,London,537313.0,42792.0,12.56,0.75,2.5,5.0,95.3,-1.67
2010-10-01,London,539229.0,43060.0,12.52,0.75,2.45,5.0,98.8,-1.29
2011-01-01,London,557555.0,43329.0,12.87,0.75,2.53,4.9,97.7,-0.25
2011-04-01,London,565173.0,43600.0,12.96,0.75,2.43,5.0,100.7,0.05
2011-07-01,London,566854.0,43872.0,12.92,0.75,2.74,4.9,99.8,1.39
2011-10-01,London,563276.0,44147.0,12.76,0.75,2.57,4.3,99.5,0.64
2012-01-01,London,576274.0,44422.0,12.97,0.75,2.57,4.8,103.1,-1.37
2012-04-01,London,576967.0,44700.0,12.91,0.75,2.5,5.1,105.5,-1.72
2012-07-01,London,586696.0,44979.0,13.04,0.75,2.51,4.6,106.8,1.64
2012-10-01,London,601932.0,45261.0,13.3,0.75,2.47,4.7,106.5,1.57
2013-01-01,London,604828.0,45543.0,13.28,0.75,2.53,4.4,102.4,1.38
2013-04-01,London,624391.0,45828.0,13.62,0.75,2.54,5.0,107.6,-0.37
2013-07-01,London,635268.0,46115.0,13.78,0.75,2.7,4.7,111.7,-2.74
2013-10-01,London,650723.0,46403.0,14.02,0.75,2.56,4.6,107.8,-1.99
2014-01-01,London,656388.0,46693.0,14.06,0.75,2.59,5.1,106.4,-0.57
2014-04-01,London,659324.0,46985.0,14.03,0.75,2.64,4.8,106.9,1.02
2014-07-01,London,668196.0,47278.0,14.13,0.75,2.65,4.4,108.0,-0.07
2014-10-01,London,661546.0,47574.0,13.91,0.75,2.58,4.7,109.5,0.12
2015-01-01,London,655439.0,47871.0,13.69,0.75,2.51,4.5,107.6,0.21
2015-04-01,London,667277.0,48170.0,13.85,0.75,2.74,4.6,111.3,0.31
2015-07-01,London,656079.0,48471.0,13.54,0.75,2.55,4.6,118.4,0.17
2015-10-01,London,666920.0,48774.0,13.67,0.75,2.55,4.2,114.9,1.3
2016-01-01,London,682836.0,49079.0,13.91,0.75,2.46,4.9,107.8,1.1
2016-04-01,London,713466.0,49386.0,14.45,0.75,2.45,4.3,112.8,-0.2
2016-07-01,London,705432.0,49695.0,14.2,0.75,2.56,4.2,114.4,-0.7
2016-10-01,London,730298.0,50005.0,14.6,0.75,2.47,4.4,115.9,-1.08
2017-01-01,London,741553.0,50318.0,14.74,0.75,2.68,4.0,114.6,0.71
2017-04-01,London,759148.0,50632.0,14.99,0.75,2.43,4.0,116.1,0.76
2017-07-01,London,771111.0,50949.0,15.14,0.75,2.58,4.2,115.7,0.75
2017-10-01,London,772101.0,51267.0,15.06,0.75,2.74,4.5,111.9,1.19
2018-01-01,London,770078.0,51587.0,14.93,0.75,2.63,4.7,113.5,1.56
2018-04-01,London,784087.0,51910.0,15.1,0.75,2.63,4.9,115.8,-0.5
2018-07-01,London,783034.0,52234.0,14.99,0.75,2.47,4.3,118.0,0.73
2018-10-01,London,802147.0,52561.0,15.26,0.75,2.55,4.7,116.7,3.66
2019-01-01,London,819300.0,52889.0,15.49,0.75,2.46,4.0,119.4,0.13
2019-04-01,London,837907.0,53220.0,15.74,0.75,2.6,4.2,116.0,-1.42
2019-07-01,London,842350.0,53552.0,15.73,0.75,2.64,4.3,115.3,0.61
2019-10-01,London,857326.0,53887.0,15.91,0.75,2.46,4.3,119.7,-0.97
2020-01-01,London,872215.0,54224.0,16.09,0.1,1.96,4.5,123.2,-1.25
2020-04-01,London,861690.0,54563.0,15.79,0.1,1.95,7.3,122.0,0.02
2020-07-01,London,885872.0,54904.0,16.13,0.1,2.01,7.4,123.0,0.02
2020-10-01,London,913232.0,55247.0,16.53,0.1,1.82,7.1,120.0,0.5
2021-01-01,London,967313.0,55592.0,17.4,0.1,1.71,4.3,117.2,-0.17
2021-04-01,London,1006813.0,55940.0,18.0,0.1,1.91,3.8,120.4,1.22
2021-07-01,London,1020449.0,56289.0,18.13,0.1,1.92,4.1,121.0,2.97
2021-10-01,London,1055154.0,56641.0,18.63,0.1,1.7,4.1,121.5,1.42
2022-01-01,London,1068461.0,56995.0,18.75,0.7,2.49,4.2,126.6,-1.04
2022-04-01,London,1089278.0,57351.0,18.99,1.3,3.05,3.8,129.8,0.89
2022-07-01,London,1095363.0,57710.0,18.98,1.9,3.79,4.6,128.1,-1.42
2022-10-01,London,1114244.0,58071.0,19.19,2.5,4.43,3.8,126.8,1.33
2023-01-01,London,1109336.0,58433.0,18.98,3.2,4.99,3.0,122.9,0.1
2023-04-01,London,1099112.0,58799.0,18.69,3.8,5.76,3.5,125.2,0.56
2023-07-01,London,1133315.0,59166.0,19.15,4.4,6.06,4.3,127.0,-0.78
2023-10-01,London,1151937.0,59536.0,19.35,5.0,6.82,3.7,127.7,-0.06
2024-01-01,London,1164842.0,59908.0,19.44,5.25,7.12,4.4,124.3,2.96
2024-04-01,London,1141800.0,60282.0,18.94,5.25,7.03,4.0,129.3,-0.35
2024-07-01,London,1149083.0,60659.0,18.94,5.25,7.0,3.7,131.5,0.83
2024-10-01,London,1148056.0,61038.0,18.81,5.25,7.14,3.9,131.9,1.16
2010-01-01,South East,379767.0,35219.0,10.78,0.75,2.49,5.2,101.8,0.37
2010-04-01,South East,384027.0,35439.0,10.84,0.75,2.68,4.8,102.1,0.16
2010-07-01,South East,386726.0,35660.0,10.84,0.75,2.66,5.2,103.4,1.97
2010-10-01,South East,390598.0,35883.0,10.89,0.75,2.62,4.8,102.5,0.24
2011-01-01,South East,394880.0,36108.0,10.94,0.75,2.61,4.7,108.3,-0.81
2011-04-01,South East,392737.0,36333.0,10.81,0.75,2.67,5.1,104.4,1.15
2011-07-01,South East,396506.0,36560.0,10.85,0.75,2.46,4.9,101.0,1.57
2011-10-01,South East,399643.0,36789.0,10.86,0.75,2.47,4.8,104.7,-0.28
2012-01-01,South East,399432.0,37019.0,10.79,0.75,2.57,4.9,102.5,-0.17
2012-04-01,South East,404485.0,37250.0,10.86,0.75,2.41,4.4,102.3,0.14
2012-07-01,South East,410001.0,37483.0,10.94,0.75,2.7,5.1,104.5,0.38
2012-10-01,South East,408861.0,37717.0,10.84,0.75,2.55,4.7,106.5,-0.59
2013-01-01,South East,415501.0,37953.0,10.95,0.75,2.7,4.7,107.2,1.23
2013-04-01,South East,417469.0,38190.0,10.93,0.75,2.57,4.7,106.8,-0.53
2013-07-01,South East,421667.0,38429.0,10.97,0.75,2.6,5.2,109.9,2.98
2013-10-01,South East,421734.0,38669.0,10.91,0.75,2.64,4.8,114.1,-0.57
2014-01-01,South East,421419.0,38911.0,10.83,0.75,2.49,4.0,106.4,-0.51
2014-04-01,South East,426320.0,39154.0,10.89,0.75,2.58,5.2,111.4,-0.29
2014-07-01,South East,425689.0,39399.0,10.8,0.75,2.6,4.2,114.5,1.82
2014-10-01,South East,427343.0,39645.0,10.78,0.75,2.38,5.0,109.2,1.89
2015-01-01,South East,422992.0,39893.0,10.6,0.75,2.49,4.6,110.1,-0.14
2015-04-01,South East,430410.0,40142.0,10.72,0.75,2.44,4.5,110.9,1.02
2015-07-01,South East,438435.0,40393.0,10.85,0.75,2.44,4.1,114.8,0.8
2015-10-01,South East,438607.0,40645.0,10.79,0.75,2.71,4.6,115.0,0.48
2016-01-01,South East,454182.0,40899.0,11.1,0.75,2.73,4.4,114.9,1.17
2016-04-01,South East,466380.0,41155.0,11.33,0.75,2.45,4.7,115.7,-1.71
2016-07-01,South East,464030.0,41412.0,11.21,0.75,2.35,4.4,115.2,2.2
2016-10-01,South East,468984.0,41671.0,11.25,0.75,2.71,4.0,108.4,0.33
2017-01-01,South East,475808.0,41931.0,11.35,0.75,2.55,3.8,113.7,-1.17
2017-04-01,South East,484430.0,42193.0,11.48,0.75,2.59,4.1,113.0,-0.87
2017-07-01,South East,488773.0,42457.0,11.51,0.75,2.65,4.1,116.5,-0.24
2017-10-01,South East,488695.0,42722.0,11.44,0.75,2.54,4.1,113.8,-1.04
2018-01-01,South East,505461.0,42990.0,11.76,0.75,2.55,4.2,116.6,0.27
2018-04-01,South East,508994.0,43258.0,11.77,0.75,2.61,4.6,114.9,-0.29
2018-07-01,South East,512206.0,43529.0,11.77,0.75,2.32,3.9,121.1,2.37
2018-10-01,South East,515606.0,43801.0,11.77,0.75,2.61,4.4,126.7,1.74
2019-01-01,South East,519808.0,44074.0,11.79,0.75,2.45,3.8,118.6,-0.51
2019-04-01,South East,515635.0,44350.0,11.63,0.75,2.49,3.9,123.6,1.46
2019-07-01,South East,520611.0,44627.0,11.67,0.75,2.7,4.3,116.4,2.23
2019-10-01,South East,529194.0,44906.0,11.78,0.75,2.45,4.2,116.9,-1.26
2020-01-01,South East,540481.0,45187.0,11.96,0.1,2.09,3.8,121.7,-0.38
2020-04-01,South East,537054.0,45469.0,11.81,0.1,1.84,6.9,120.6,-5.6
2020-07-01,South East,548134.0,45753.0,11.98,0.1,1.89,7.1,118.3,-0.29
2020-10-01,South East,562765.0,46039.0,12.22,0.1,1.95,6.8,121.8,1.3
2021-01-01,South East,563543.0,46327.0,12.16,0.1,1.95,3.9,123.7,-0.52
2021-04-01,South East,563368.0,46616.0,12.09,0.1,1.74,4.1,123.3,-0.69
2021-07-01,South East,580400.0,46908.0,12.37,0.1,1.73,4.1,119.4,-0.38
2021-10-01,South East,593658.0,47201.0,12.58,0.1,1.81,3.9,126.5,-0.29
2022-01-01,South East,613068.0,47496.0,12.91,0.7,2.39,4.2,128.3,-2.57
2022-04-01,South East,620602.0,47793.0,12.99,1.3,3.16,4.0,125.6,-0.32
2022-07-01,South East,635082.0,48092.0,13.21,1.9,3.68,4.4,125.8,0.81
2022-10-01,South East,645943.0,48392.0,13.35,2.5,4.25,3.9,126.7,-0.11
2023-01-01,South East,652966.0,48695.0,13.41,3.2,5.21,4.2,125.0,1.84
2023-04-01,South East,654369.0,48999.0,13.35,3.8,5.4,3.6,120.9,-0.02
2023-07-01,South East,659264.0,49305.0,13.37,4.4,6.37,4.0,126.3,1.4
2023-10-01,South East,645822.0,49613.0,13.02,5.0,6.82,4.1,123.1,1.77
2024-01-01,South East,653237.0,49923.0,13.08,5.25,7.01,4.1,134.8,0.62
2024-04-01,South East,660000.0,50235.0,13.14,5.25,7.0,3.6,131.0,-0.63
2024-07-01,South East,665375.0,50549.0,13.16,5.25,7.0,4.0,130.0,1.65
2024-10-01,South East,665957.0,50865.0,13.09,5.25,7.02,3.5,128.2,0.85
2010-01-01,South West,316111.0,30188.0,10.47,0.75,2.46,5.3,104.1,0.9
2010-04-01,South West,326767.0,30376.0,10.76,0.75,2.47,4.6,95.2,2.2
2010-07-01,South West,332789.0,30566.0,10.89,0.75,2.54,5.0,97.6,3.33
2010-10-01,South West,336738.0,30757.0,10.95,0.75,2.56,5.2,102.9,0.67
2011-01-01,South West,336862.0,30949.0,10.88,0.75,2.6,5.5,106.0,2.31
2011-04-01,South West,338162.0,31143.0,10.86,0.75,2.45,4.9,102.7,1.71
2011-07-01,South West,334474.0,31337.0,10.67,0.75,2.7,4.8,101.7,-0.81
2011-10-01,South West,330984.0,31533.0,10.5,0.75,2.63,4.9,99.6,-1.15
2012-01-01,South West,332987.0,31730.0,10.49,0.75,2.72,4.8,99.5,0.11
2012-04-01,South West,335265.0,31929.0,10.5,0.75,2.28,4.8,103.8,1.24
2012-07-01,South West,346450.0,32128.0,10.78,0.75,2.66,4.7,101.7,3.49
2012-10-01,South West,350258.0,32329.0,10.83,0.75,2.55,4.8,106.1,0.23
2013-01-01,South West,351336.0,32531.0,10.8,0.75,2.5,4.8,104.4,-0.46
2013-04-01,South West,355405.0,32734.0,10.86,0.75,2.52,5.2,98.5,1.71
2013-07-01,South West,364584.0,32939.0,11.07,0.75,2.34,4.6,105.9,-1.29
2013-10-01,South West,364776.0,33145.0,11.01,0.75,2.44,5.2,110.3,1.93
2014-01-01,South West,371805.0,33352.0,11.15,0.75,2.44,4.5,109.5,-1.07
2014-04-01,South West,378930.0,33560.0,11.29,0.75,2.53,4.5,110.6,0.93
2014-07-01,South West,381104.0,33770.0,11.29,0.75,2.67,4.3,110.8,1.11
2014-10-01,South West,383536.0,33981.0,11.29,0.75,2.58,4.2,112.3,0.18
2015-01-01,South West,384961.0,34194.0,11.26,0.75,2.65,4.4,105.8,-1.47
2015-04-01,South West,391823.0,34407.0,11.39,0.75,2.42,5.1,104.3,2.44
2015-07-01,South West,396873.0,34622.0,11.46,0.75,2.54,4.4,112.2,0.35
2015-10-01,South West,406414.0,34839.0,11.67,0.75,2.56,4.6,110.4,0.33
2016-01-01,South West,412144.0,35057.0,11.76,0.75,2.38,4.1,114.2,0.61
2016-04-01,South West,415420.0,35276.0,11.78,0.75,2.55,4.6,110.9,-0.53
2016-07-01,South West,420695.0,35496.0,11.85,0.75,2.45,4.6,107.9,1.63
2016-10-01,South West,427493.0,35718.0,11.97,0.75,2.58,4.8,118.5,1.62
2017-01-01,South West,422038.0,35941.0,11.74,0.75,2.42,4.3,114.1,1.02
2017-04-01,South West,422535.0,36166.0,11.68,0.75,2.57,4.2,112.7,-1.29
2017-07-01,South West,421990.0,36392.0,11.6,0.75,2.41,4.1,118.2,-0.74
2017-10-01,South West,440200.0,36619.0,12.02,0.75,2.6,4.4,112.9,1.24
2018-01-01,South West,441545.0,36848.0,11.98,0.75,2.56,5.1,115.7,1.78
2018-04-01,South West,442190.0,37078.0,11.93,0.75,2.55,4.9,114.6,2.57
2018-07-01,South West,450634.0,37310.0,12.08,0.75,2.49,4.5,119.9,1.15
2018-10-01,South West,446408.0,37543.0,11.89,0.75,2.48,4.2,117.3,1.14
2019-01-01,South West,451976.0,37778.0,11.96,0.75,2.42,4.4,119.8,1.07
2019-04-01,South West,462714.0,38014.0,12.17,0.75,2.63,4.4,118.3,-1.59
2019-07-01,South West,469942.0,38252.0,12.29,0.75,2.57,4.3,115.2,-0.9
2019-10-01,South West,480946.0,38491.0,12.5,0.75,2.55,4.4,119.6,0.44
2020-01-01,South West,491516.0,38731.0,12.69,0.1,1.85,4.2,118.6,-0.12
2020-04-01,South West,489739.0,38973.0,12.57,0.1,1.92,7.0,124.3,-5.67
2020-07-01,South West,497288.0,39217.0,12.68,0.1,1.86,7.6,121.6,1.64
2020-10-01,South West,496881.0,39462.0,12.59,0.1,1.93,7.4,121.7,1.68
2021-01-01,South West,504972.0,39709.0,12.72,0.1,2.04,4.8,120.9,-0.13
2021-04-01,South West,525634.0,39957.0,13.16,0.1,2.06,3.9,121.2,0.06
2021-07-01,South West,528759.0,40207.0,13.15,0.1,1.81,3.8,120.7,0.36
2021-10-01,South West,542336.0,40458.0,13.4,0.1,2.06,3.8,126.5,0.14
2022-01-01,South West,554339.0,40711.0,13.62,0.7,2.57,3.7,125.1,0.6
2022-04-01,South West,570362.0,40965.0,13.92,1.3,3.13,4.8,122.6,-0.24
2022-07-01,South West,578895.0,41221.0,14.04,1.9,3.64,3.8,128.6,2.1
2022-10-01,South West,587935.0,41479.0,14.17,2.5,4.22,4.1,123.8,1.16
2023-01-01,South West,593983.0,41738.0,14.23,3.2,4.85,4.4,131.4,-0.34
2023-04-01,South West,595708.0,41999.0,14.18,3.8,5.63,4.0,128.5,2.81
2023-07-01,South West,599007.0,42262.0,14.17,4.4,6.12,3.5,124.8,0.36
2023-10-01,South West,617086.0,42526.0,14.51,5.0,6.75,4.0,127.5,1.83
2024-01-01,South West,641360.0,42791.0,14.99,5.25,7.0,3.7,131.1,1.22
2024-04-01,South West,661136.0,43059.0,15.35,5.25,7.11,3.8,130.3,1.73
2024-07-01,South West,673040.0,43328.0,15.53,5.25,7.1,4.2,132.5,2.06
2024-10-01,South West,683714.0,43599.0,15.68,5.25,7.03,3.9,133.1,-0.58
2010-01-01,East of England,334352.0,32200.0,10.38,0.75,2.51,5.0,103.8,0.63
2010-04-01,East of England,337683.0,32401.0,10.42,0.75,2.41,5.2,102.4,3.0
2010-07-01,East of England,339852.0,32604.0,10.42,0.75,2.57,5.0,105.7,0.29
2010-10-01,East of England,344029.0,32808.0,10.49,0.75,2.61,5.0,100.2,0.63
2011-01-01,East of England,350991.0,33013.0,10.63,0.75,2.45,5.0,99.9,1.83
2011-04-01,East of England,348979.0,33219.0,10.51,0.75,2.49,5.0,107.2,0.32
2011-07-01,East of England,350357.0,33427.0,10.48,0.75,2.74,4.4,96.4,0.93
2011-10-01,East of England,351926.0,33635.0,10.46,0.75,2.45,5.1,104.2,-0.28
2012-01-01,East of England,350764.0,33846.0,10.36,0.75,2.64,5.0,103.7,2.62
2012-04-01,East of England,350342.0,34057.0,10.29,0.75,2.4,4.6,104.4,0.69
2012-07-01,East of England,352825.0,34270.0,10.3,0.75,2.59,4.4,109.3,0.3
2012-10-01,East of England,360119.0,34484.0,10.44,0.75,2.58,4.9,107.2,0.94
2013-01-01,East of England,365855.0,34700.0,10.54,0.75,2.68,4.8,108.1,0.29
2013-04-01,East of England,374599.0,34917.0,10.73,0.75,2.48,5.3,106.4,-1.32
2013-07-01,East of England,378638.0,35135.0,10.78,0.75,2.48,5.0,105.0,-0.14
2013-10-01,East of England,375081.0,35354.0,10.61,0.75,2.5,4.0,102.7,1.31
2014-01-01,East of England,381591.0,35575.0,10.73,0.75,2.59,4.4,107.9,0.4
2014-04-01,East of England,380796.0,35798.0,10.64,0.75,2.7,4.9,107.8,0.43
2014-07-01,East of England,385207.0,36022.0,10.69,0.75,2.35,4.6,107.0,-0.8
2014-10-01,East of England,387784.0,36247.0,10.7,0.75,2.73,4.8,107.8,1.09
2015-01-01,East of England,396894.0,36473.0,10.88,0.75,2.64,4.6,108.1,1.24
2015-04-01,East of England,402226.0,36701.0,10.96,0.75,2.64,4.8,113.6,-0.24
2015-07-01,East of England,411347.0,36931.0,11.14,0.75,2.57,5.2,108.9,2.48
2015-10-01,East of England,416068.0,37161.0,11.2,0.75,2.48,4.4,110.5,0.91
2016-01-01,East of England,422196.0,37394.0,11.29,0.75,2.49,4.5,118.4,2.47
2016-04-01,East of England,428049.0,37627.0,11.38,0.75,2.55,4.5,114.3,-0.83
2016-07-01,East of England,431014.0,37862.0,11.38,0.75,2.38,4.6,114.9,-0.18
2016-10-01,East of England,441893.0,38099.0,11.6,0.75,2.43,4.0,114.2,1.66
2017-01-01,East of England,453532.0,38337.0,11.83,0.75,2.5,4.8,113.9,0.19
2017-04-01,East of England,461848.0,38577.0,11.97,0.75,2.62,3.9,118.9,2.06
2017-07-01,East of England,463347.0,38818.0,11.94,0.75,2.59,4.5,115.8,-0.26
2017-10-01,East of England,464637.0,39061.0,11.9,0.75,2.55,4.7,117.1,-0.04
2018-01-01,East of England,472636.0,39305.0,12.02,0.75,2.27,4.7,110.8,-0.03
2018-04-01,East of England,471834.0,39550.0,11.93,0.75,2.42,4.7,115.1,0.82
2018-07-01,East of England,476095.0,39798.0,11.96,0.75,2.6,4.3,113.2,1.6
2018-10-01,East of England,478267.0,40046.0,11.94,0.75,2.39,4.2,122.0,1.42
2019-01-01,East of England,481144.0,40297.0,11.94,0.75,2.52,4.2,124.2,0.86
2019-04-01,East of England,487784.0,40548.0,12.03,0.75,2.65,4.3,117.7,0.16
2019-07-01,East of England,492068.0,40802.0,12.06,0.75,2.55,4.5,119.2,1.28
2019-10-01,East of England,496346.0,41057.0,12.09,0.75,2.56,3.6,122.2,0.82
2020-01-01,East of England,506015.0,41313.0,12.25,0.1,1.61,4.8,119.6,1.73
2020-04-01,East of England,500499.0,41572.0,12.04,0.1,1.96,6.9,118.6,-2.3
2020-07-01,East of England,508054.0,41831.0,12.15,0.1,1.92,7.4,122.5,0.58
2020-10-01,East of England,518545.0,42093.0,12.32,0.1,2.14,7.1,122.1,1.66
2021-01-01,East of England,535685.0,42356.0,12.65,0.1,2.02,4.3,118.6,2.36
2021-04-01,East of England,541330.0,42621.0,12.7,0.1,1.93,3.9,122.3,0.79
2021-07-01,East of England,554978.0,42887.0,12.94,0.1,1.94,4.6,124.4,0.11
2021-10-01,East of England,572538.0,43155.0,13.27,0.1,2.02,3.7,125.3,1.24
2022-01-01,East of England,583431.0,43425.0,13.44,0.7,2.64,4.0,124.4,0.19
2022-04-01,East of England,596357.0,43696.0,13.65,1.3,2.99,3.6,129.3,-0.62
2022-07-01,East of England,603565.0,43969.0,13.73,1.9,3.48,3.8,121.0,2.37
2022-10-01,East of England,622938.0,44244.0,14.08,2.5,4.23,4.7,128.4,0.01
2023-01-01,East of England,611729.0,44521.0,13.74,3.2,5.23,3.5,121.1,1.63
2023-04-01,East of England,630936.0,44799.0,14.08,3.8,5.74,4.1,128.3,1.42
2023-07-01,East of England,640140.0,45079.0,14.2,4.4,6.23,4.0,126.8,-0.5
2023-10-01,East of England,642825.0,45361.0,14.17,5.0,6.63,3.9,124.5,-0.92
2024-01-01,East of England,648481.0,45644.0,14.21,5.25,7.19,4.2,123.3,-0.79
2024-04-01,East of England,659121.0,45930.0,14.35,5.25,6.95,3.8,130.2,-0.76
2024-07-01,East of England,664429.0,46217.0,14.38,5.25,6.92,3.7,130.0,-1.51
2024-10-01,East of England,672007.0,46505.0,14.45,5.25,7.05,4.0,130.2,2.04
2010-01-01,West Midlands,232301.0,28175.0,8.24,0.75,2.51,5.0,101.6,0.46
2010-04-01,West Midlands,234427.0,28351.0,8.27,0.75,2.48,4.8,96.3,2.5
2010-07-01,West Midlands,233563.0,28528.0,8.19,0.75,2.48,4.7,103.7,0.05
2010-10-01,West Midlands,238521.0,28707.0,8.31,0.75,2.48,5.0,99.0,2.97
2011-01-01,West Midlands,237775.0,28886.0,8.23,0.75,2.58,5.1,103.2,0.18
2011-04-01,West Midlands,239547.0,29067.0,8.24,0.75,2.55,4.9,105.4,3.05
2011-07-01,West Midlands,240307.0,29248.0,8.22,0.75,2.41,4.9,110.7,-0.56
2011-10-01,West Midlands,246349.0,29431.0,8.37,0.75,2.72,4.7,105.2,2.35
2012-01-01,West Midlands,247571.0,29615.0,8.36,0.75,2.53,4.7,101.0,-0.38
2012-04-01,West Midlands,246707.0,29800.0,8.28,0.75,2.55,4.6,105.2,-1.47
2012-07-01,West Midlands,249682.0,29986.0,8.33,0.75,2.63,4.2,106.1,1.87
2012-10-01,West Midlands,248846.0,30174.0,8.25,0.75,2.72,4.9,103.4,0.33
2013-01-01,West Midlands,252413.0,30362.0,8.31,0.75,2.56,4.9,103.2,0.6
2013-04-01,West Midlands,251053.0,30552.0,8.22,0.75,2.54,4.5,104.3,1.88
2013-07-01,West Midlands,255990.0,30743.0,8.33,0.75,2.61,4.4,106.1,1.86
2013-10-01,West Midlands,258592.0,30935.0,8.36,0.75,2.78,4.8,108.1,0.03
2014-01-01,West Midlands,261200.0,31129.0,8.39,0.75,2.53,4.9,110.9,-0.54
2014-04-01,West Midlands,260009.0,31323.0,8.3,0.75,2.37,4.8,105.2,-2.18
2014-07-01,West Midlands,263294.0,31519.0,8.35,0.75,2.8,4.6,111.5,0.5
2014-10-01,West Midlands,265338.0,31716.0,8.37,0.75,2.64,4.5,110.3,0.79
2015-01-01,West Midlands,265887.0,31914.0,8.33,0.75,2.65,4.5,107.7,1.04
2015-04-01,West Midlands,265824.0,32114.0,8.28,0.75,2.55,4.6,113.8,0.97
2015-07-01,West Midlands,268084.0,32314.0,8.3,0.75,2.63,5.0,112.7,0.41
2015-10-01,West Midlands,266913.0,32516.0,8.21,0.75,2.44,4.4,109.7,0.18
2016-01-01,West Midlands,269399.0,32719.0,8.23,0.75,2.6,4.5,113.5,0.48
2016-04-01,West Midlands,266435.0,32924.0,8.09,0.75,2.46,4.5,108.9,1.12
2016-07-01,West Midlands,272844.0,33130.0,8.24,0.75,2.67,4.4,117.5,0.58
2016-10-01,West Midlands,274312.0,33337.0,8.23,0.75,2.49,4.4,112.3,0.6
2017-01-01,West Midlands,277153.0,33545.0,8.26,0.75,2.55,4.6,117.6,1.54
2017-04-01,West Midlands,275462.0,33755.0,8.16,0.75,2.29,4.7,110.4,0.13
2017-07-01,West Midlands,274649.0,33966.0,8.09,0.75,2.37,4.6,117.3,-0.29
2017-10-01,West Midlands,269936.0,34178.0,7.9,0.75,2.5,4.5,111.1,0.62
2018-01-01,West Midlands,272257.0,34392.0,7.92,0.75,2.61,4.4,113.1,1.84
2018-04-01,West Midlands,274208.0,34607.0,7.92,0.75,2.55,4.1,115.2,-0.66
2018-07-01,West Midlands,276133.0,34823.0,7.93,0.75,2.72,3.9,112.2,2.17
2018-10-01,West Midlands,277971.0,35040.0,7.93,0.75,2.48,4.6,115.7,2.59
2019-01-01,West Midlands,282288.0,35259.0,8.01,0.75,2.5,4.9,116.2,1.29
2019-04-01,West Midlands,285602.0,35480.0,8.05,0.75,2.68,4.7,118.6,-0.5
2019-07-01,West Midlands,289415.0,35702.0,8.11,0.75,2.48,4.8,119.4,-0.04
2019-10-01,West Midlands,292482.0,35925.0,8.14,0.75,2.42,3.9,123.1,-0.39
2020-01-01,West Midlands,291979.0,36149.0,8.08,0.1,1.95,4.6,122.2,1.6
2020-04-01,West Midlands,289405.0,36375.0,7.96,0.1,1.76,7.6,119.5,-4.9
2020-07-01,West Midlands,297951.0,36603.0,8.14,0.1,1.96,7.3,127.5,-0.37
2020-10-01,West Midlands,305557.0,36831.0,8.3,0.1,1.91,7.2,126.1,1.01
2021-01-01,West Midlands,313695.0,37062.0,8.46,0.1,2.01,4.0,119.5,-0.85
2021-04-01,West Midlands,314193.0,37293.0,8.42,0.1,2.11,3.8,121.8,0.07
2021-07-01,West Midlands,321835.0,37526.0,8.58,0.1,1.98,4.3,121.3,0.2
2021-10-01,West Midlands,329584.0,37761.0,8.73,0.1,1.88,4.5,125.0,1.28
2022-01-01,West Midlands,338772.0,37997.0,8.92,0.7,2.62,4.1,120.1,0.88
2022-04-01,West Midlands,343765.0,38234.0,8.99,1.3,3.05,4.2,128.2,0.43
2022-07-01,West Midlands,352131.0,38473.0,9.15,1.9,3.87,4.1,132.8,1.08
2022-10-01,West Midlands,353414.0,38714.0,9.13,2.5,4.38,4.1,129.4,1.21
2023-01-01,West Midlands,355133.0,38956.0,9.12,3.2,4.88,3.9,123.4,-0.3
2023-04-01,West Midlands,359443.0,39199.0,9.17,3.8,5.77,4.1,122.9,0.93
2023-07-01,West Midlands,365991.0,39444.0,9.28,4.4,6.14,3.9,127.0,-0.54
2023-10-01,West Midlands,370651.0,39691.0,9.34,5.0,6.79,4.0,124.8,-0.12
2024-01-01,West Midlands,375645.0,39939.0,9.41,5.25,7.01,4.4,126.8,0.67
2024-04-01,West Midlands,381496.0,40188.0,9.49,5.25,6.91,3.3,123.9,1.92
2024-07-01,West Midlands,381775.0,40439.0,9.44,5.25,7.31,3.7,129.6,2.25
2024-10-01,West Midlands,391820.0,40692.0,9.63,5.25,7.26,4.2,132.6,1.11
2010-01-01,East Midlands,218501.0,27672.0,7.9,0.75,2.49,4.8,100.0,0.2
2010-04-01,East Midlands,219368.0,27845.0,7.88,0.75,2.62,5.3,100.8,2.17
2010-07-01,East Midlands,218728.0,28019.0,7.81,0.75,2.53,4.7,95.4,0.3
2010-10-01,East Midlands,220321.0,28194.0,7.81,0.75,2.7,5.1,98.4,2.62
2011-01-01,East Midlands,224884.0,28370.0,7.93,0.75,2.61,4.9,99.1,-0.05
2011-04-01,East Midlands,229244.0,28547.0,8.03,0.75,2.74,5.4,101.0,-0.94
2011-07-01,East Midlands,231515.0,28726.0,8.06,0.75,2.37,5.0,102.6,-0.16
2011-10-01,East Midlands,229791.0,28905.0,7.95,0.75,2.6,4.7,100.0,-3.05
2012-01-01,East Midlands,231681.0,29086.0,7.97,0.75,2.73,5.3,102.6,-0.32
2012-04-01,East Midlands,234737.0,29268.0,8.02,0.75,2.45,4.9,106.8,1.87
2012-07-01,East Midlands,236497.0,29451.0,8.03,0.75,2.53,4.5,102.5,0.13
2012-10-01,East Midlands,239376.0,29635.0,8.08,0.75,2.64,4.5,110.0,0.07
2013-01-01,East Midlands,241359.0,29820.0,8.09,0.75,2.48,4.0,108.7,1.28
2013-04-01,East Midlands,242732.0,30006.0,8.09,0.75,2.56,4.9,101.8,-0.23
2013-07-01,East Midlands,246723.0,30194.0,8.17,0.75,2.42,4.8,102.9,0.96
2013-10-01,East Midlands,248732.0,30383.0,8.19,0.75,2.39,5.0,105.3,-0.57
2014-01-01,East Midlands,251345.0,30573.0,8.22,0.75,2.66,4.4,108.2,0.91
2014-04-01,East Midlands,255224.0,30764.0,8.3,0.75,2.57,4.5,106.0,0.5
2014-07-01,East Midlands,254657.0,30956.0,8.23,0.75,2.26,4.8,111.7,-2.44
2014-10-01,East Midlands,254250.0,31149.0,8.16,0.75,2.61,5.2,109.6,-0.47
2015-01-01,East Midlands,255946.0,31344.0,8.17,0.75,2.69,4.4,107.6,-0.18
2015-04-01,East Midlands,255682.0,31540.0,8.11,0.75,2.56,5.1,111.5,0.1
2015-07-01,East Midlands,257109.0,31737.0,8.1,0.75,2.39,4.8,110.8,0.18
2015-10-01,East Midlands,267504.0,31936.0,8.38,0.75,2.58,4.3,110.2,1.78
2016-01-01,East Midlands,270081.0,32135.0,8.4,0.75,2.41,4.8,110.0,2.65
2016-04-01,East Midlands,275294.0,32336.0,8.51,0.75,2.51,4.9,112.7,1.42
2016-07-01,East Midlands,278968.0,32538.0,8.57,0.75,2.47,4.3,116.1,-0.0
2016-10-01,East Midlands,280213.0,32741.0,8.56,0.75,2.45,4.6,119.7,-0.88
2017-01-01,East Midlands,282663.0,32946.0,8.58,0.75,2.69,4.4,115.4,-0.87
2017-04-01,East Midlands,286276.0,33152.0,8.64,0.75,2.53,4.7,118.1,3.51
2017-07-01,East Midlands,290369.0,33359.0,8.7,0.75,2.58,4.5,113.9,0.81
2017-10-01,East Midlands,291979.0,33568.0,8.7,0.75,2.57,4.8,112.5,1.77
2018-01-01,East Midlands,298307.0,33777.0,8.83,0.75,2.54,3.7,114.2,1.96
2018-04-01,East Midlands,300774.0,33989.0,8.85,0.75,2.45,4.2,119.0,1.06
2018-07-01,East Midlands,302612.0,34201.0,8.85,0.75,2.51,4.2,114.2,2.34
2018-10-01,East Midlands,304209.0,34415.0,8.84,0.75,2.67,4.8,120.5,-0.12
2019-01-01,East Midlands,308023.0,34630.0,8.89,0.75,2.55,4.0,119.0,-1.01
2019-04-01,East Midlands,314299.0,34846.0,9.02,0.75,2.5,4.3,119.3,0.09
2019-07-01,East Midlands,318815.0,35064.0,9.09,0.75,2.5,4.5,115.0,0.55
2019-10-01,East Midlands,327707.0,35283.0,9.29,0.75,2.45,4.0,121.0,0.62
2020-01-01,East Midlands,331641.0,35504.0,9.34,0.1,1.95,4.4,123.3,0.89
2020-04-01,East Midlands,330344.0,35726.0,9.25,0.1,1.97,7.7,120.1,-5.77
2020-07-01,East Midlands,339286.0,35949.0,9.44,0.1,1.89,6.5,123.5,-0.24
2020-10-01,East Midlands,344408.0,36174.0,9.52,0.1,1.93,7.2,123.6,-0.12
2021-01-01,East Midlands,353407.0,36400.0,9.71,0.1,1.87,4.3,123.8,-0.72
2021-04-01,East Midlands,364667.0,36627.0,9.96,0.1,1.85,4.3,123.6,2.61
2021-07-01,East Midlands,371510.0,36856.0,10.08,0.1,1.87,4.1,122.1,1.36
2021-10-01,East Midlands,373307.0,37086.0,10.07,0.1,1.79,3.7,126.4,2.45
2022-01-01,East Midlands,380756.0,37318.0,10.2,0.7,2.48,4.1,127.5,-0.71
2022-04-01,East Midlands,389660.0,37552.0,10.38,1.3,3.2,4.2,125.1,1.6
2022-07-01,East Midlands,387309.0,37786.0,10.25,1.9,3.77,3.8,119.5,1.01
2022-10-01,East Midlands,400763.0,38022.0,10.54,2.5,4.29,4.3,130.3,1.98
2023-01-01,East Midlands,409740.0,38260.0,10.71,3.2,5.07,4.0,121.2,0.1
2023-04-01,East Midlands,408743.0,38499.0,10.62,3.8,5.82,3.9,126.9,1.06
2023-07-01,East Midlands,411374.0,38740.0,10.62,4.4,6.37,3.7,127.6,-0.49
2023-10-01,East Midlands,408412.0,38982.0,10.48,5.0,6.74,3.9,126.2,-0.43
2024-01-01,East Midlands,405119.0,39226.0,10.33,5.25,7.04,3.4,130.3,0.5
2024-04-01,East Midlands,401645.0,39471.0,10.18,5.25,7.02,3.6,129.5,2.01
2024-07-01,East Midlands,396523.0,39717.0,9.98,5.25,7.06,3.8,131.0,0.66
2024-10-01,East Midlands,395921.0,39966.0,9.91,5.25,7.02,3.6,132.7,0.43
2010-01-01,Yorkshire,195085.0,26666.0,7.32,0.75,2.54,4.8,95.5,-1.76
2010-04-01,Yorkshire,193506.0,26832.0,7.21,0.75,2.58,5.1,95.8,1.47
2010-07-01,Yorkshire,194071.0,27000.0,7.19,0.75,2.56,5.4,103.7,0.08
2010-10-01,Yorkshire,193846.0,27169.0,7.13,0.75,2.33,4.7,100.9,-0.78
2011-01-01,Yorkshire,195094.0,27339.0,7.14,0.75,2.56,4.9,100.0,0.6
2011-04-01,Yorkshire,197468.0,27509.0,7.18,0.75,2.44,5.3,102.2,0.42
2011-07-01,Yorkshire,200397.0,27681.0,7.24,0.75,2.57,5.2,103.9,-0.33
2011-10-01,Yorkshire,202674.0,27854.0,7.28,0.75,2.44,4.9,103.4,0.15
2012-01-01,Yorkshire,203984.0,28028.0,7.28,0.75,2.36,4.7,104.3,0.59
2012-04-01,Yorkshire,203469.0,28204.0,7.21,0.75,2.68,4.6,107.4,0.91
2012-07-01,Yorkshire,203731.0,28380.0,7.18,0.75,2.73,4.4,107.8,1.6
2012-10-01,Yorkshire,203944.0,28557.0,7.14,0.75,2.69,4.7,106.4,0.71
2013-01-01,Yorkshire,205250.0,28736.0,7.14,0.75,2.63,5.0,100.8,1.97
2013-04-01,Yorkshire,203429.0,28915.0,7.04,0.75,2.65,5.1,103.2,-0.09
2013-07-01,Yorkshire,202756.0,29096.0,6.97,0.75,2.53,4.6,109.3,1.97
2013-10-01,Yorkshire,207157.0,29278.0,7.08,0.75,2.49,4.6,102.4,-0.57
2014-01-01,Yorkshire,210761.0,29461.0,7.15,0.75,2.71,4.3,106.2,0.37
2014-04-01,Yorkshire,212985.0,29645.0,7.18,0.75,2.47,4.8,107.1,0.38
2014-07-01,Yorkshire,215799.0,29830.0,7.23,0.75,2.55,4.5,108.7,0.29
2014-10-01,Yorkshire,216673.0,30017.0,7.22,0.75,2.52,5.1,111.2,0.05
2015-01-01,Yorkshire,219863.0,30204.0,7.28,0.75,2.52,5.0,111.1,0.27
2015-04-01,Yorkshire,222551.0,30393.0,7.32,0.75,2.39,4.2,106.9,0.57
2015-07-01,Yorkshire,228131.0,30583.0,7.46,0.75,2.77,4.8,112.5,-1.76
2015-10-01,Yorkshire,228661.0,30774.0,7.43,0.75,2.47,4.4,111.0,-0.17
2016-01-01,Yorkshire,225908.0,30967.0,7.3,0.75,2.62,4.2,112.7,2.89
2016-04-01,Yorkshire,225581.0,31160.0,7.24,0.75,2.3,4.4,115.8,2.75
2016-07-01,Yorkshire,224556.0,31355.0,7.16,0.75,2.6,4.3,112.7,3.57
2016-10-01,Yorkshire,222921.0,31551.0,7.07,0.75,2.58,4.6,116.8,0.52
2017-01-01,Yorkshire,225336.0,31748.0,7.1,0.75,2.51,4.5,113.0,1.15
2017-04-01,Yorkshire,226249.0,31946.0,7.08,0.75,2.59,4.4,117.9,0.34
2017-07-01,Yorkshire,223991.0,32146.0,6.97,0.75,2.68,4.1,113.0,-0.31
2017-10-01,Yorkshire,228806.0,32347.0,7.07,0.75,2.34,5.3,118.7,0.67
2018-01-01,Yorkshire,230453.0,32549.0,7.08,0.75,2.58,4.5,117.9,1.07
2018-04-01,Yorkshire,232446.0,32753.0,7.1,0.75,2.53,4.3,115.9,1.76
2018-07-01,Yorkshire,235627.0,32957.0,7.15,0.75,2.26,4.5,117.6,0.38
2018-10-01,Yorkshire,236538.0,33163.0,7.13,0.75,2.66,4.6,115.2,0.89
2019-01-01,Yorkshire,236072.0,33371.0,7.07,0.75,2.41,4.1,120.6,1.54
2019-04-01,Yorkshire,239113.0,33579.0,7.12,0.75,2.62,4.4,116.6,0.92
2019-07-01,Yorkshire,242880.0,33789.0,7.19,0.75,2.63,4.6,121.1,0.82
2019-10-01,Yorkshire,247362.0,34000.0,7.28,0.75,2.55,4.0,119.0,-0.49
2020-01-01,Yorkshire,247609.0,34213.0,7.24,0.1,1.89,4.0,119.1,-1.87
2020-04-01,Yorkshire,247580.0,34427.0,7.19,0.1,1.9,6.9,122.5,-3.47
2020-07-01,Yorkshire,247375.0,34642.0,7.14,0.1,1.82,6.9,118.2,1.4
2020-10-01,Yorkshire,250668.0,34858.0,7.19,0.1,1.87,6.5,123.4,-1.09
2021-01-01,Yorkshire,255895.0,35076.0,7.3,0.1,1.93,4.5,118.1,-3.22
2021-04-01,Yorkshire,261547.0,35295.0,7.41,0.1,2.08,4.5,123.1,-0.19
2021-07-01,Yorkshire,268954.0,35516.0,7.57,0.1,1.8,4.2,124.5,1.67
2021-10-01,Yorkshire,281823.0,35738.0,7.89,0.1,1.94,3.9,123.4,-1.72
2022-01-01,Yorkshire,285572.0,35961.0,7.94,0.7,2.46,3.9,124.5,-0.59
2022-04-01,Yorkshire,294556.0,36186.0,8.14,1.3,3.1,4.0,123.5,0.59
2022-07-01,Yorkshire,302951.0,36412.0,8.32,1.9,3.61,3.8,124.1,-1.22
2022-10-01,Yorkshire,306604.0,36640.0,8.37,2.5,4.25,4.2,126.3,0.63
2023-01-01,Yorkshire,310823.0,36869.0,8.43,3.2,4.99,4.1,125.7,0.72
2023-04-01,Yorkshire,310643.0,37099.0,8.37,3.8,5.36,3.9,130.8,1.51
2023-07-01,Yorkshire,315273.0,37331.0,8.45,4.4,6.32,3.9,127.6,-0.34
2023-10-01,Yorkshire,315932.0,37564.0,8.41,5.0,6.86,4.3,127.1,-0.14
2024-01-01,Yorkshire,317592.0,37799.0,8.4,5.25,7.11,3.4,121.1,-0.26
2024-04-01,Yorkshire,315382.0,38035.0,8.29,5.25,7.0,3.8,127.1,2.14
2024-07-01,Yorkshire,318069.0,38273.0,8.31,5.25,7.08,4.0,125.6,1.65
2024-10-01,Yorkshire,319497.0,38512.0,8.3,5.25,7.12,3.5,124.8,1.38
2010-01-01,North West,207463.0,27169.0,7.64,0.75,2.46,4.7,103.4,-1.03
2010-04-01,North West,212582.0,27339.0,7.78,0.75,2.46,5.2,99.5,1.12
2010-07-01,North West,213180.0,27509.0,7.75,0.75,2.53,5.0,98.0,1.29
2010-10-01,North West,213844.0,27681.0,7.73,0.75,2.53,4.6,93.8,0.17
2011-01-01,North West,220768.0,27854.0,7.93,0.75,2.63,4.9,101.2,0.43
2011-04-01,North West,223797.0,28028.0,7.98,0.75,2.43,5.2,104.6,1.26
2011-07-01,North West,226624.0,28204.0,8.04,0.75,2.55,5.1,104.8,-0.02
2011-10-01,North West,227194.0,28380.0,8.01,0.75,2.56,5.3,99.8,-1.36
2012-01-01,North West,229443.0,28557.0,8.03,0.75,2.56,4.9,104.7,0.13
2012-04-01,North West,234754.0,28736.0,8.17,0.75,2.39,4.6,104.2,-1.57
2012-07-01,North West,236278.0,28915.0,8.17,0.75,2.72,4.8,105.7,-1.11
2012-10-01,North West,236771.0,29096.0,8.14,0.75,2.51,4.7,109.3,1.07
2013-01-01,North West,236093.0,29278.0,8.06,0.75,2.57,4.9,109.4,2.3
2013-04-01,North West,235644.0,29461.0,8.0,0.75,2.47,4.4,105.8,0.96
2013-07-01,North West,239915.0,29645.0,8.09,0.75,2.54,4.6,107.5,-0.6
2013-10-01,North West,246907.0,29830.0,8.28,0.75,2.39,4.8,113.6,0.41
2014-01-01,North West,248475.0,30017.0,8.28,0.75,2.51,4.6,112.1,-2.25
2014-04-01,North West,254335.0,30204.0,8.42,0.75,2.41,4.6,107.2,1.11
2014-07-01,North West,252369.0,30393.0,8.3,0.75,2.6,5.2,104.9,0.63
2014-10-01,North West,252780.0,30583.0,8.27,0.75,2.59,4.6,107.6,0.99
2015-01-01,North West,259426.0,30774.0,8.43,0.75,2.53,4.8,106.1,-0.75
2015-04-01,North West,262792.0,30967.0,8.49,0.75,2.7,4.7,109.6,0.4
2015-07-01,North West,261674.0,31160.0,8.4,0.75,2.61,4.8,109.6,-0.16
2015-10-01,North West,264529.0,31355.0,8.44,0.75,2.51,4.5,117.8,0.1
2016-01-01,North West,265763.0,31551.0,8.42,0.75,2.49,4.7,111.5,-0.38
2016-04-01,North West,271467.0,31748.0,8.55,0.75,2.69,4.3,106.9,1.61
2016-07-01,North West,271848.0,31946.0,8.51,0.75,2.63,3.9,115.7,-1.05
2016-10-01,North West,276078.0,32146.0,8.59,0.75,2.55,4.2,112.3,1.22
2017-01-01,North West,278648.0,32347.0,8.61,0.75,2.61,5.0,109.3,2.34
2017-04-01,North West,281237.0,32549.0,8.64,0.75,2.46,4.0,113.9,1.51
2017-07-01,North West,283199.0,32753.0,8.65,0.75,2.7,4.0,115.0,-1.1
2017-10-01,North West,286565.0,32957.0,8.7,0.75,2.64,4.3,107.7,0.64
2018-01-01,North West,290181.0,33163.0,8.75,0.75,2.59,4.7,112.8,1.22
2018-04-01,North West,296035.0,33371.0,8.87,0.75,2.37,4.4,115.0,0.3
2018-07-01,North West,299507.0,33579.0,8.92,0.75,2.5,4.1,117.1,-0.9
2018-10-01,North West,298726.0,33789.0,8.84,0.75,2.62,4.0,119.5,0.96
2019-01-01,North West,296035.0,34000.0,8.71,0.75,2.48,4.6,115.1,-0.16
2019-04-01,North West,299845.0,34213.0,8.76,0.75,2.63,4.2,116.7,2.11
2019-07-01,North West,307532.0,34427.0,8.93,0.75,2.65,4.3,116.6,-0.6
2019-10-01,North West,311677.0,34642.0,9.0,0.75,2.59,4.6,121.5,-1.4
2020-01-01,North West,317527.0,34858.0,9.11,0.1,1.8,4.1,120.8,2.79
2020-04-01,North West,326846.0,35076.0,9.32,0.1,1.96,7.1,122.1,-3.53
2020-07-01,North West,330945.0,35295.0,9.38,0.1,2.08,7.2,122.5,1.2
2020-10-01,North West,337553.0,35516.0,9.5,0.1,1.98,7.0,119.8,-0.92
2021-01-01,North West,346041.0,35738.0,9.68,0.1,1.98,4.3,127.0,0.39
2021-04-01,North West,355535.0,35961.0,9.89,0.1,1.79,4.0,124.6,1.42
2021-07-01,North West,361867.0,36186.0,10.0,0.1,1.89,3.6,121.9,1.47
2021-10-01,North West,371458.0,36412.0,10.2,0.1,1.95,4.1,123.5,-0.39
2022-01-01,North West,381761.0,36640.0,10.42,0.7,2.54,4.2,122.4,-2.18
2022-04-01,North West,393871.0,36869.0,10.68,1.3,3.05,3.8,126.6,-0.07
2022-07-01,North West,406219.0,37099.0,10.95,1.9,3.76,4.2,120.9,1.85
2022-10-01,North West,415709.0,37331.0,11.14,2.5,4.26,4.0,120.2,0.89
2023-01-01,North West,413820.0,37564.0,11.02,3.2,4.86,3.5,129.3,-0.36
2023-04-01,North West,422547.0,37799.0,11.18,3.8,5.55,3.4,123.2,1.88
2023-07-01,North West,424318.0,38035.0,11.16,4.4,6.15,4.0,128.5,1.74
2023-10-01,North West,432904.0,38273.0,11.31,5.0,6.76,3.5,126.3,0.71
2024-01-01,North West,431221.0,38512.0,11.2,5.25,6.95,4.0,127.9,0.44
2024-04-01,North West,430429.0,38753.0,11.11,5.25,7.03,3.6,131.2,1.64
2024-07-01,North West,424958.0,38995.0,10.9,5.25,6.96,3.4,127.0,0.3
2024-10-01,North West,421241.0,39239.0,10.74,5.25,6.96,3.5,130.1,0.48
2010-01-01,North East,154928.0,25156.0,6.16,0.75,2.57,4.8,99.2,2.41
2010-04-01,North East,158050.0,25313.0,6.24,0.75,2.42,5.2,102.9,-0.98
2010-07-01,North East,160411.0,25472.0,6.3,0.75,2.7,4.6,98.2,1.62
2010-10-01,North East,161929.0,25631.0,6.32,0.75,2.61,5.0,102.7,-1.19
2011-01-01,North East,164718.0,25791.0,6.39,0.75,2.67,4.9,101.9,-1.44
2011-04-01,North East,166677.0,25952.0,6.42,0.75,2.61,4.9,105.9,-0.0
2011-07-01,North East,168743.0,26114.0,6.46,0.75,2.45,4.9,102.5,0.67
2011-10-01,North East,169259.0,26278.0,6.44,0.75,2.54,5.1,102.2,-1.53
2012-01-01,North East,173363.0,26442.0,6.56,0.75,2.69,4.5,106.1,-0.2
2012-04-01,North East,174990.0,26607.0,6.58,0.75,2.58,4.7,102.1,-0.43
2012-07-01,North East,174567.0,26773.0,6.52,0.75,2.47,4.8,102.9,1.22
2012-10-01,North East,178342.0,26941.0,6.62,0.75,2.49,4.9,107.0,0.97
2013-01-01,North East,179681.0,27109.0,6.63,0.75,2.62,4.9,102.3,1.44
2013-04-01,North East,182488.0,27279.0,6.69,0.75,2.47,4.8,108.5,0.15
2013-07-01,North East,185678.0,27449.0,6.76,0.75,2.79,4.5,102.9,0.76
2013-10-01,North East,188271.0,27621.0,6.82,0.75,2.53,5.1,103.5,1.23
2014-01-01,North East,188402.0,27793.0,6.78,0.75,2.72,5.3,105.7,-0.26
2014-04-01,North East,191293.0,27967.0,6.84,0.75,2.51,4.6,108.6,-1.9
2014-07-01,North East,192558.0,28142.0,6.84,0.75,2.48,4.5,113.3,-1.11
2014-10-01,North East,195423.0,28318.0,6.9,0.75,2.52,4.5,111.9,0.81
2015-01-01,North East,197857.0,28495.0,6.94,0.75,2.65,4.5,108.2,-0.9
2015-04-01,North East,197560.0,28673.0,6.89,0.75,2.84,5.0,106.4,-1.19
2015-07-01,North East,199845.0,28852.0,6.93,0.75,2.6,4.7,110.2,0.25
2015-10-01,North East,201850.0,29032.0,6.95,0.75,2.56,3.9,110.8,-0.62
2016-01-01,North East,203566.0,29214.0,6.97,0.75,2.85,4.6,111.1,1.51
2016-04-01,North East,205922.0,29396.0,7.01,0.75,2.59,4.7,118.7,-0.96
2016-07-01,North East,208288.0,29580.0,7.04,0.75,2.46,4.6,110.2,-0.1
2016-10-01,North East,209079.0,29765.0,7.02,0.75,2.65,4.7,109.8,0.47
2017-01-01,North East,209007.0,29951.0,6.98,0.75,2.42,4.4,113.1,3.31
2017-04-01,North East,211322.0,30138.0,7.01,0.75,2.41,4.3,117.6,2.91
2017-07-01,North East,209397.0,30327.0,6.9,0.75,2.36,5.0,116.2,-0.64
2017-10-01,North East,211930.0,30516.0,6.94,0.75,2.29,4.4,116.5,1.51
2018-01-01,North East,211212.0,30707.0,6.88,0.75,2.56,4.1,116.8,-0.67
2018-04-01,North East,211776.0,30899.0,6.85,0.75,2.45,4.5,119.1,0.12
2018-07-01,North East,213286.0,31092.0,6.86,0.75,2.41,4.2,116.8,3.54
2018-10-01,North East,212354.0,31286.0,6.79,0.75,2.7,4.6,118.3,2.51
2019-01-01,North East,214578.0,31482.0,6.82,0.75,2.59,4.3,121.7,1.72
2019-04-01,North East,214684.0,31678.0,6.78,0.75,2.42,4.2,116.1,0.32
2019-07-01,North East,218789.0,31876.0,6.86,0.75,2.5,4.2,119.2,1.42
2019-10-01,North East,215350.0,32076.0,6.71,0.75,2.49,4.3,123.1,-0.19
2020-01-01,North East,212763.0,32276.0,6.59,0.1,1.96,4.0,116.4,-0.35
2020-04-01,North East,211678.0,32478.0,6.52,0.1,1.84,6.5,123.2,-3.07
2020-07-01,North East,216074.0,32681.0,6.61,0.1,1.79,7.1,121.0,1.12
2020-10-01,North East,220597.0,32885.0,6.71,0.1,1.83,7.2,122.9,2.15
2021-01-01,North East,226398.0,33091.0,6.84,0.1,1.98,4.1,126.2,0.89
2021-04-01,North East,228806.0,33297.0,6.87,0.1,2.04,4.3,121.2,-0.18
2021-07-01,North East,233890.0,33506.0,6.98,0.1,1.95,4.1,123.9,2.44
2021-10-01,North East,240898.0,33715.0,7.15,0.1,1.92,4.3,120.4,0.88
2022-01-01,North East,249894.0,33926.0,7.37,0.7,2.48,3.8,122.0,-0.91
2022-04-01,North East,252743.0,34138.0,7.4,1.3,3.06,3.6,124.5,1.48
2022-07-01,North East,255314.0,34351.0,7.43,1.9,3.85,4.2,128.1,-0.39
2022-10-01,North East,262411.0,34566.0,7.59,2.5,4.19,4.2,126.0,1.06
2023-01-01,North East,260441.0,34782.0,7.49,3.2,4.91,4.1,123.2,0.96
2023-04-01,North East,257988.0,34999.0,7.37,3.8,5.68,3.6,128.2,1.15
2023-07-01,North East,257287.0,35218.0,7.31,4.4,6.26,4.0,125.4,-0.81
2023-10-01,North East,253330.0,35438.0,7.15,5.0,6.83,3.4,127.8,0.08
2024-01-01,North East,256128.0,35660.0,7.18,5.25,7.02,3.8,130.2,0.8
2024-04-01,North East,258026.0,35882.0,7.19,5.25,7.1,3.4,130.8,1.13
2024-07-01,North East,256499.0,36107.0,7.1,5.25,7.03,3.8,128.6,0.8
2024-10-01,North East,261261.0,36332.0,7.19,5.25,7.16,3.4,131.4,1.99
2010-01-01,Wales,187559.0,25659.0,7.31,0.75,2.66,5.6,103.1,0.7
2010-04-01,Wales,191698.0,25820.0,7.42,0.75,2.56,5.0,99.4,2.28
2010-07-01,Wales,191462.0,25981.0,7.37,0.75,2.7,5.1,96.8,0.84
2010-10-01,Wales,188159.0,26144.0,7.2,0.75,2.61,5.2,99.7,0.55
2011-01-01,Wales,194449.0,26307.0,7.39,0.75,2.5,4.6,106.4,2.76
2011-04-01,Wales,196208.0,26471.0,7.41,0.75,2.65,5.3,100.3,-0.18
2011-07-01,Wales,200992.0,26637.0,7.55,0.75,2.72,5.0,100.4,2.78
2011-10-01,Wales,201467.0,26803.0,7.52,0.75,2.52,5.0,108.2,1.42
2012-01-01,Wales,204325.0,26971.0,7.58,0.75,2.6,4.9,105.7,-2.64
2012-04-01,Wales,205407.0,27139.0,7.57,0.75,2.57,4.5,105.7,0.15
2012-07-01,Wales,211763.0,27309.0,7.75,0.75,2.71,4.7,104.5,0.31
2012-10-01,Wales,212473.0,27480.0,7.73,0.75,2.57,4.6,102.1,1.15
2013-01-01,Wales,216057.0,27651.0,7.81,0.75,2.47,5.0,104.1,0.7
2013-04-01,Wales,220217.0,27824.0,7.91,0.75,2.55,4.9,105.0,0.16
2013-07-01,Wales,221633.0,27998.0,7.92,0.75,2.48,4.7,102.4,-0.19
2013-10-01,Wales,222838.0,28173.0,7.91,0.75,2.52,4.6,107.3,0.98
2014-01-01,Wales,227279.0,28349.0,8.02,0.75,2.49,4.3,104.9,-0.18
2014-04-01,Wales,228325.0,28526.0,8.0,0.75,2.47,4.3,107.1,0.62
2014-07-01,Wales,232078.0,28705.0,8.09,0.75,2.49,4.5,106.2,0.36
2014-10-01,Wales,231706.0,28884.0,8.02,0.75,2.61,4.1,108.4,0.76
2015-01-01,Wales,234324.0,29065.0,8.06,0.75,2.82,4.7,107.0,0.29
2015-04-01,Wales,231230.0,29246.0,7.91,0.75,2.54,4.3,113.2,-0.26
2015-07-01,Wales,232973.0,29429.0,7.92,0.75,2.49,5.1,110.0,2.6
2015-10-01,Wales,237441.0,29613.0,8.02,0.75,2.6,4.7,112.7,-1.91
2016-01-01,Wales,238750.0,29798.0,8.01,0.75,2.63,4.5,107.8,0.34
2016-04-01,Wales,245985.0,29984.0,8.2,0.75,2.67,4.5,115.4,-0.04
2016-07-01,Wales,242960.0,30172.0,8.05,0.75,2.46,4.9,112.2,0.11
2016-10-01,Wales,244236.0,30360.0,8.04,0.75,2.74,4.9,120.2,0.21
2017-01-01,Wales,247336.0,30550.0,8.1,0.75,2.4,4.9,110.5,0.66
2017-04-01,Wales,246170.0,30741.0,8.01,0.75,2.49,4.2,112.7,-0.25
2017-07-01,Wales,246698.0,30933.0,7.98,0.75,2.63,4.1,115.7,1.86
2017-10-01,Wales,247336.0,31126.0,7.95,0.75,2.48,4.3,119.0,0.63
2018-01-01,Wales,247920.0,31321.0,7.92,0.75,2.6,4.0,118.0,0.89
2018-04-01,Wales,249197.0,31517.0,7.91,0.75,2.47,4.1,118.1,1.87
2018-07-01,Wales,249455.0,31714.0,7.87,0.75,2.6,3.7,115.2,0.36
2018-10-01,Wales,248863.0,31912.0,7.8,0.75,2.46,4.1,118.4,0.18
2019-01-01,Wales,244140.0,32111.0,7.6,0.75,2.34,4.1,119.4,-2.9
2019-04-01,Wales,244812.0,32312.0,7.58,0.75,2.5,4.7,117.3,0.86
2019-07-01,Wales,247448.0,32514.0,7.61,0.75,2.34,4.5,119.6,1.01
2019-10-01,Wales,261819.0,32717.0,8.0,0.75,2.34,4.7,118.6,0.74
2020-01-01,Wales,264027.0,32922.0,8.02,0.1,1.86,4.0,121.0,-1.42
2020-04-01,Wales,266240.0,33127.0,8.04,0.1,1.86,6.8,119.1,-3.09
2020-07-01,Wales,268851.0,33334.0,8.07,0.1,1.94,6.9,123.3,1.22
2020-10-01,Wales,279500.0,33543.0,8.33,0.1,1.88,7.3,121.8,1.96
2021-01-01,Wales,282998.0,33752.0,8.38,0.1,1.97,4.1,121.8,0.51
2021-04-01,Wales,289974.0,33963.0,8.54,0.1,1.89,4.2,127.2,1.58
2021-07-01,Wales,299359.0,34176.0,8.76,0.1,1.85,3.8,125.9,1.45
2021-10-01,Wales,311306.0,34389.0,9.05,0.1,1.84,4.0,118.6,-0.07
2022-01-01,Wales,321877.0,34604.0,9.3,0.7,2.45,4.2,123.4,0.79
2022-04-01,Wales,324180.0,34820.0,9.31,1.3,3.11,3.1,123.9,-1.56
2022-07-01,Wales,336037.0,35038.0,9.59,1.9,3.78,4.1,129.6,-0.74
2022-10-01,Wales,350601.0,35257.0,9.94,2.5,4.39,3.9,128.9,-0.93
2023-01-01,Wales,349267.0,35477.0,9.84,3.2,4.94,3.8,122.8,1.87
2023-04-01,Wales,350407.0,35699.0,9.82,3.8,5.64,3.8,121.0,0.72
2023-07-01,Wales,344309.0,35922.0,9.58,4.4,6.19,3.5,133.0,1.49
2023-10-01,Wales,347002.0,36147.0,9.6,5.0,6.93,3.6,129.1,0.64
2024-01-01,Wales,350402.0,36373.0,9.63,5.25,7.18,4.1,128.9,-1.59
2024-04-01,Wales,348475.0,36600.0,9.52,5.25,7.04,3.9,125.1,3.29
2024-07-01,Wales,357345.0,36829.0,9.7,5.25,7.11,3.9,128.4,-0.74
2024-10-01,Wales,360014.0,37059.0,9.71,5.25,7.08,3.4,130.5,0.21
2010-01-01,Scotland,192889.0,27672.0,6.97,0.75,2.46,4.9,105.7,1.07
2010-04-01,Scotland,191904.0,27845.0,6.89,0.75,2.6,4.5,103.7,-0.17
2010-07-01,Scotland,193307.0,28019.0,6.9,0.75,2.68,4.6,96.8,-0.3
2010-10-01,Scotland,196909.0,28194.0,6.98,0.75,2.4,4.1,100.1,1.06
2011-01-01,Scotland,200897.0,28370.0,7.08,0.75,2.5,4.8,105.5,-1.84
2011-04-01,Scotland,201774.0,28547.0,7.07,0.75,2.57,5.0,101.0,0.44
2011-07-01,Scotland,198418.0,28726.0,6.91,0.75,2.48,5.0,100.1,0.47
2011-10-01,Scotland,200942.0,28905.0,6.95,0.75,2.52,4.9,100.6,0.15
2012-01-01,Scotland,203826.0,29086.0,7.01,0.75,2.57,4.7,104.7,1.26
2012-04-01,Scotland,201329.0,29268.0,6.88,0.75,2.67,4.7,105.8,1.84
2012-07-01,Scotland,200228.0,29451.0,6.8,0.75,2.48,4.7,102.6,2.48
2012-10-01,Scotland,200165.0,29635.0,6.75,0.75,2.49,4.8,101.9,-0.07
2013-01-01,Scotland,202451.0,29820.0,6.79,0.75,2.52,4.7,104.4,-1.42
2013-04-01,Scotland,204773.0,30006.0,6.82,0.75,2.73,4.7,107.2,1.23
2013-07-01,Scotland,203863.0,30194.0,6.75,0.75,2.72,4.8,111.9,-0.48
2013-10-01,Scotland,209251.0,30383.0,6.89,0.75,2.63,4.9,108.2,0.1
2014-01-01,Scotland,213490.0,30573.0,6.98,0.75,2.56,4.1,104.6,0.18
2014-04-01,Scotland,215913.0,30764.0,7.02,0.75,2.54,5.0,102.6,0.57
2014-07-01,Scotland,213769.0,30956.0,6.91,0.75,2.63,4.6,110.3,-0.64
2014-10-01,Scotland,218267.0,31149.0,7.01,0.75,2.65,4.8,109.1,1.1
2015-01-01,Scotland,218525.0,31344.0,6.97,0.75,2.64,5.1,113.2,-0.48
2015-04-01,Scotland,221118.0,31540.0,7.01,0.75,2.42,4.8,111.9,-1.84
2015-07-01,Scotland,220373.0,31737.0,6.94,0.75,2.52,4.5,107.4,0.87
2015-10-01,Scotland,222745.0,31936.0,6.97,0.75,2.53,4.3,114.6,2.39
2016-01-01,Scotland,223506.0,32135.0,6.96,0.75,2.49,4.7,110.9,0.23
2016-04-01,Scotland,227003.0,32336.0,7.02,0.75,2.36,4.9,112.7,-0.09
2016-07-01,Scotland,228673.0,32538.0,7.03,0.75,2.55,4.0,117.5,0.45
2016-10-01,Scotland,231573.0,32741.0,7.07,0.75,2.65,4.2,114.9,0.08
2017-01-01,Scotland,235444.0,32946.0,7.15,0.75,2.34,4.4,112.2,0.92
2017-04-01,Scotland,238493.0,33152.0,7.19,0.75,2.48,4.2,114.2,-0.68
2017-07-01,Scotland,242469.0,33359.0,7.27,0.75,2.51,3.5,113.9,-0.85
2017-10-01,Scotland,240514.0,33568.0,7.17,0.75,2.43,4.4,119.5,0.78
2018-01-01,Scotland,241039.0,33777.0,7.14,0.75,2.6,4.2,113.9,-0.99
2018-04-01,Scotland,238805.0,33989.0,7.03,0.75,2.51,4.4,116.2,-0.1
2018-07-01,Scotland,238517.0,34201.0,6.97,0.75,2.61,3.9,119.3,-0.8
2018-10-01,Scotland,238690.0,34415.0,6.94,0.75,2.4,4.1,120.4,1.02
2019-01-01,Scotland,242995.0,34630.0,7.02,0.75,2.6,3.9,117.0,-0.54
2019-04-01,Scotland,248233.0,34846.0,7.12,0.75,2.43,4.5,121.2,2.6
2019-07-01,Scotland,249264.0,35064.0,7.11,0.75,2.62,4.9,117.1,-1.44
2019-10-01,Scotland,246634.0,35283.0,6.99,0.75,2.62,3.7,118.4,0.92
2020-01-01,Scotland,249125.0,35504.0,7.02,0.1,1.94,4.3,123.8,-0.74
2020-04-01,Scotland,247003.0,35726.0,6.91,0.1,1.82,7.4,123.2,-4.06
2020-07-01,Scotland,253816.0,35949.0,7.06,0.1,1.78,7.7,125.6,1.28
2020-10-01,Scotland,262336.0,36174.0,7.25,0.1,1.73,7.0,119.3,1.27
2021-01-01,Scotland,265025.0,36400.0,7.28,0.1,1.98,4.5,124.1,0.74
2021-04-01,Scotland,267906.0,36627.0,7.31,0.1,1.82,4.5,124.8,0.35
2021-07-01,Scotland,272346.0,36856.0,7.39,0.1,1.7,3.8,128.7,-1.14
2021-10-01,Scotland,278513.0,37086.0,7.51,0.1,2.0,3.7,124.1,1.53
2022-01-01,Scotland,284327.0,37318.0,7.62,0.7,2.79,3.5,127.2,0.19
2022-04-01,Scotland,292421.0,37552.0,7.79,1.3,3.14,3.8,125.2,-1.83
2022-07-01,Scotland,300253.0,37786.0,7.95,1.9,3.73,4.2,128.2,0.84
2022-10-01,Scotland,306928.0,38022.0,8.07,2.5,4.21,3.8,129.1,2.12
2023-01-01,Scotland,307962.0,38260.0,8.05,3.2,5.0,3.7,129.5,1.2
2023-04-01,Scotland,315711.0,38499.0,8.2,3.8,5.51,3.8,127.2,1.18
2023-07-01,Scotland,316845.0,38740.0,8.18,4.4,6.11,4.2,129.2,-0.7
2023-10-01,Scotland,322962.0,38982.0,8.28,5.0,6.92,3.9,127.7,1.06
2024-01-01,Scotland,322036.0,39226.0,8.21,5.25,7.05,3.2,130.6,-1.47
2024-04-01,Scotland,328729.0,39471.0,8.33,5.25,7.02,3.8,126.6,0.05
2024-07-01,Scotland,335283.0,39717.0,8.44,5.25,6.8,4.2,130.0,-1.05
2024-10-01,Scotland,333605.0,39966.0,8.35,5.25,7.22,3.5,126.0,1.76
2010-01-01,Northern Ireland,177403.0,26163.0,6.78,0.75,2.46,5.1,96.9,1.72
2010-04-01,Northern Ireland,181442.0,26326.0,6.89,0.75,2.6,5.1,105.8,0.4
2010-07-01,Northern Ireland,180485.0,26491.0,6.81,0.75,2.59,5.6,98.0,-0.03
2010-10-01,Northern Ireland,183139.0,26656.0,6.87,0.75,2.54,4.6,104.9,3.18
2011-01-01,Northern Ireland,185328.0,26823.0,6.91,0.75,2.46,4.5,102.8,1.72
2011-04-01,Northern Ireland,188190.0,26990.0,6.97,0.75,2.55,4.7,99.2,1.4
2011-07-01,Northern Ireland,192127.0,27159.0,7.07,0.75,2.4,5.4,104.7,2.08
2011-10-01,Northern Ireland,190729.0,27329.0,6.98,0.75,2.41,4.8,105.0,2.56
2012-01-01,Northern Ireland,194224.0,27500.0,7.06,0.75,2.53,4.5,107.7,-0.76
2012-04-01,Northern Ireland,200023.0,27671.0,7.23,0.75,2.52,5.3,106.5,0.24
2012-07-01,Northern Ireland,200624.0,27844.0,7.21,0.75,2.52,4.9,105.2,-0.31
2012-10-01,Northern Ireland,202115.0,28018.0,7.21,0.75,2.56,4.1,106.9,-0.78
2013-01-01,Northern Ireland,201121.0,28194.0,7.13,0.75,2.38,4.2,101.9,-0.45
2013-04-01,Northern Ireland,207942.0,28370.0,7.33,0.75,2.5,4.8,107.7,0.56
2013-07-01,Northern Ireland,209717.0,28547.0,7.35,0.75,2.43,5.2,112.4,-1.62
2013-10-01,Northern Ireland,209024.0,28726.0,7.28,0.75,2.52,4.4,109.0,-0.47
2014-01-01,Northern Ireland,216667.0,28905.0,7.5,0.75,2.67,4.7,111.1,1.73
2014-04-01,Northern Ireland,217198.0,29086.0,7.47,0.75,2.47,4.7,111.1,0.57
2014-07-01,Northern Ireland,214980.0,29267.0,7.35,0.75,2.47,4.6,108.8,2.77
2014-10-01,Northern Ireland,213298.0,29450.0,7.24,0.75,2.6,5.1,116.3,-0.09
2015-01-01,Northern Ireland,216634.0,29634.0,7.31,0.75,2.61,4.7,109.7,0.92
2015-04-01,Northern Ireland,211835.0,29820.0,7.1,0.75,2.62,4.6,109.8,2.86
2015-07-01,Northern Ireland,212060.0,30006.0,7.07,0.75,2.51,5.2,108.5,-0.26
2015-10-01,Northern Ireland,213685.0,30194.0,7.08,0.75,2.63,4.6,107.6,-0.24
2016-01-01,Northern Ireland,214093.0,30382.0,7.05,0.75,2.54,4.6,113.3,-1.73
2016-04-01,Northern Ireland,218974.0,30572.0,7.16,0.75,2.58,4.9,113.8,1.72
2016-07-01,Northern Ireland,222331.0,30763.0,7.23,0.75,2.68,4.6,112.7,3.13
2016-10-01,Northern Ireland,226914.0,30956.0,7.33,0.75,2.61,4.1,109.6,0.75
2017-01-01,Northern Ireland,229483.0,31149.0,7.37,0.75,2.49,4.5,118.8,1.23
2017-04-01,Northern Ireland,228390.0,31344.0,7.29,0.75,2.54,4.2,113.3,-0.1
2017-07-01,Northern Ireland,229196.0,31540.0,7.27,0.75,2.42,4.4,113.3,-3.12
2017-10-01,Northern Ireland,237255.0,31737.0,7.48,0.75,2.66,4.3,115.6,-1.01
2018-01-01,Northern Ireland,244538.0,31935.0,7.66,0.75,2.74,4.4,119.1,0.61
2018-04-01,Northern Ireland,242775.0,32135.0,7.55,0.75,2.51,4.4,115.1,0.14
2018-07-01,Northern Ireland,244804.0,32336.0,7.57,0.75,2.54,4.3,113.8,-0.46
2018-10-01,Northern Ireland,243199.0,32538.0,7.47,0.75,2.65,3.7,121.0,2.06
2019-01-01,Northern Ireland,244591.0,32741.0,7.47,0.75,2.29,4.2,117.8,-0.81
2019-04-01,Northern Ireland,245339.0,32946.0,7.45,0.75,2.7,4.5,115.7,-1.52
2019-07-01,Northern Ireland,246667.0,33152.0,7.44,0.75,2.53,4.4,117.4,1.01
2019-10-01,Northern Ireland,254977.0,33359.0,7.64,0.75,2.63,4.2,119.0,-0.03
2020-01-01,Northern Ireland,261162.0,33567.0,7.78,0.1,1.84,4.2,120.2,-0.2
2020-04-01,Northern Ireland,256551.0,33777.0,7.6,0.1,1.93,7.2,122.0,-5.24
2020-07-01,Northern Ireland,264827.0,33988.0,7.79,0.1,1.81,7.7,115.8,0.92
2020-10-01,Northern Ireland,270903.0,34201.0,7.92,0.1,1.82,7.3,125.3,-2.26
2021-01-01,Northern Ireland,278566.0,34414.0,8.09,0.1,1.65,3.8,126.9,-0.3
2021-04-01,Northern Ireland,280607.0,34629.0,8.1,0.1,1.88,4.7,117.0,-0.86
2021-07-01,Northern Ireland,292032.0,34846.0,8.38,0.1,2.09,4.0,119.3,2.92
2021-10-01,Northern Ireland,304277.0,35064.0,8.68,0.1,1.97,3.8,123.4,0.21
2022-01-01,Northern Ireland,312230.0,35283.0,8.85,0.7,2.65,4.3,120.8,2.05
2022-04-01,Northern Ireland,320321.0,35503.0,9.02,1.3,3.17,4.5,121.2,0.36
2022-07-01,Northern Ireland,325240.0,35725.0,9.1,1.9,3.54,4.1,132.5,-1.81
2022-10-01,Northern Ireland,332264.0,35948.0,9.24,2.5,4.36,4.0,125.2,-1.16
2023-01-01,Northern Ireland,335557.0,36173.0,9.28,3.2,4.92,3.3,129.6,1.55
2023-04-01,Northern Ireland,338122.0,36399.0,9.29,3.8,5.62,4.3,127.2,1.48
2023-07-01,Northern Ireland,339232.0,36627.0,9.26,4.4,6.33,4.0,127.6,-1.12
2023-10-01,Northern Ireland,342823.0,36856.0,9.3,5.0,6.72,3.7,125.1,-0.88
2024-01-01,Northern Ireland,354328.0,37086.0,9.55,5.25,7.18,4.5,124.3,0.49
2024-04-01,Northern Ireland,351080.0,37318.0,9.41,5.25,6.98,3.6,132.2,-0.08
2024-07-01,Northern Ireland,358226.0,37551.0,9.54,5.25,7.11,4.5,124.6,1.91
2024-10-01,Northern Ireland,365867.0,37786.0,9.68,5.25,6.95,4.1,130.5,0.13
